user_id;profile_photo_url;about_me;personal_quote
1;http://example.com/image1.jpg;I am a passionate individual with diverse interests and a love for learning. Exploring the wonders of life one day at a time.;Live in the moment.
2;http://example.com/image2.jpg;Aspiring artist and nature enthusiast. Finding inspiration in the beauty of the world and expressing it through my creations.;Create your own sunshine.
3;http://example.com/image3.jpg;Tech geek and code ninja. Turning ideas into reality through the power of programming.;Code like there's no tomorrow.
4;http://example.com/image4.jpg;Avid reader and aspiring writer. Every book is a new adventure waiting to be explored.;Words have the power to change the world.
5;http://example.com/image5.jpg;Fitness freak and wellness advocate. Passionate about leading a healthy and balanced lifestyle.;Strength comes from within.
6;http://example.com/image6.jpg;Explorer of the culinary world. Food is not just a necessity, it's a celebration of flavors and cultures.;Eat well, travel often.
7;http://example.com/image7.jpg;Photography enthusiast capturing moments that tell a story. Every picture has a thousand words.;Focus on the good.
8;http://example.com/image8.jpg;Adventurous spirit with a love for the outdoors. Hiking, camping, and chasing sunsets.;Nature is my therapy.
9;http://example.com/image9.jpg;Fashionista and trendsetter. Style is a reflection of your personality.;Dress like you're already famous.
10;http://example.com/image10.jpg;Gamer by night, coder by day. Balancing work and play in the virtual world.;Keep gaming and carry on.
11;http://example.com/image11.jpg;Animal lover and advocate. Every creature deserves love and respect.;Paws and reflect.
12;http://example.com/image12.jpg;Film buff and aspiring filmmaker. Every frame tells a story.;Life is like a movie, and I'm the director.
13;http://example.com/image13.jpg;Yoga enthusiast promoting mindfulness and well-being.;Find your zen.
14;http://example.com/image14.jpg;World traveler experiencing cultures and making memories.;Adventure awaits.
15;http://example.com/image15.jpg;Coffee addict and bookworm. Navigating life one cup and chapter at a time.;Sip happens.
16;http://example.com/image16.jpg;Environmental activist fighting for a greener planet.;Be the change you wish to see.
17;http://example.com/image17.jpg;DIY enthusiast turning dreams into reality with creativity and passion.;Crafting my way through life.
18;http://example.com/image18.jpg;Music lover with a diverse taste. From classical to rock, every beat resonates.;Where words fail, music speaks.
19;http://example.com/image19.jpg;Fitness instructor motivating others to achieve their health goals.;Strive for progress, not perfection.
20;http://example.com/image20.jpg;Tech entrepreneur disrupting the industry with innovation.;Dream big, work hard.
21;http://example.com/image21.jpg;Art collector appreciating the beauty in every stroke and color.;Art is the most beautiful of all lies.
22;http://example.com/image22.jpg;Astronomy geek and stargazer. Exploring the cosmos one telescope at a time.;Reach for the stars.
23;http://example.com/image23.jpg;Motivated student pursuing knowledge and personal growth.;Learning is a journey, not a destination.
24;http://example.com/image24.jpg;Comic book fanatic and aspiring graphic novelist.;Every hero has a story.
25;http://example.com/image25.jpg;Sustainable living advocate. Reducing my carbon footprint for a better tomorrow.;Small actions, big impact.
26;http://example.com/image26.jpg;Passionate gardener cultivating beauty and tranquility in every blossom.;Bloom where you are planted.
27;http://example.com/image27.jpg;Tech blogger sharing insights and expertise in the digital realm.;Code, blog, repeat.
28;http://example.com/image28.jpg;Fitness model promoting a healthy and active lifestyle.;Train like a beast, look like a beauty.
29;http://example.com/image29.jpg;Food blogger exploring culinary delights and sharing recipes.;Good food, good mood.
30;http://example.com/image30.jpg;Digital nomad working remotely from picturesque locations.;Work hard, travel harder.
31;http://example.com/image31.jpg;Passionate advocate for mental health and well-being.;Your mental health is a priority.
32;http://example.com/image32.jpg;Tech evangelist and early adopter of the latest gadgets.;Innovate, integrate, inspire.
33;http://example.com/image33.jpg;Eco-warrior fighting against plastic pollution.;Plastic-free is the way to be.
34;http://example.com/image34.jpg;Wholesome content creator spreading positivity and good vibes.;Choose joy.
35;http://example.com/image35.jpg;Cryptocurrency enthusiast exploring the future of finance.;Decentralize everything.
36;http://example.com/image36.jpg;Inspiring others with motivational content and life lessons.;Positivity is a choice.
37;http://example.com/image37.jpg;Fashion influencer setting trends and breaking stereotypes.;Style is a way to say who you are without speaking.
38;http://example.com/image38.jpg;Pet lover and animal rescuer. Every furry friend deserves a loving home.;Adopt, don't shop.
39;http://example.com/image39.jpg;Passionate advocate for gender equality and women's rights.;Empower women, empower the world.
40;http://example.com/image40.jpg;Tech guru simplifying complex concepts for everyone to understand.;Tech made simple.
41;http://example.com/image41.jpg;Fitness coach inspiring others to achieve their health and fitness goals.;Your only limit is you.
