username, user_password, last_login_date
'johndoe', 'oineio45!', '2023-11-05'
'janedoe', 'p@ssw0rd', '2023-11-06'
'user123', 'securepass', '2023-11-07'
'testuser', '12345abc', '2023-11-08'
'admin', 'admin123', '2023-11-09'
'sampleuser', 'pass@word', '2023-11-10'
'newuser', 'welcome1', '2023-11-11'
'guestuser', 'guestpass', '2023-11-12'
'demo123', 'demopass', '2023-11-13'
'user456', 'secretp@ss', '2023-11-14'
'johnsmith', 'password123', '2023-11-15'
'maryjane', 'mypass!23', '2023-11-16'
'superuser', 'superpass', '2023-11-17'
'techguy', 'tech1234', '2023-11-18'
'user789', 'passpass', '2023-11-19'
'webdev', 'devpass', '2023-11-20'
'user1', 'letmein', '2023-11-21'
'user2', 'changeme', '2023-11-22'
'user3', 'qwerty123', '2023-11-23'
'user4', 'hello123', '2023-11-24'
'user5', 'abc123xyz', '2023-11-25'
'user6', 'pass1234', '2023-11-26'
'user7', 'iloveyou', '2023-11-27'
'user8', 'spring2023', '2023-11-28'
'user9', 'summer21!', '2023-11-29'
'user10', 'fall2022', '2023-11-30'
'user11', 'winter2023', '2023-12-01'
'user12', 'letsgo!', '2023-12-02'
'user13', 'password1', '2023-12-03'
'user14', 'welcome123', '2023-12-04'
'user15', 'secureme', '2023-12-05'
'user16', 'myp@ssword', '2023-12-06'
'user17', 'changemyPass', '2023-12-07'
'user18', 'passw0rd', '2023-12-08'
'user19', '123qwe!@#', '2023-12-09'
'user20', 'test1234', '2023-12-10'
'user21', 'p@ssw0rd', '2023-12-11'
'user22', 'qwerty', '2023-12-12'
'user23', 'letmein123', '2023-12-13'
'user24', '12345678', '2023-12-14'
'user25', 'abcdefgh', '2023-12-15'
